{
    "distances": {
      "close": [
        -48.85442039304875,
        243.7274424026468,
        506.99365726380427
      ],
      "near": [
        241.30823986156085,
        500.9807059341373,
        704.5748704914362
      ],
      "far": [
        450.81590894693073,
        758.5024815158906,
        920.7510091079802
      ]
    },
    "angle": {
      "acute": [
        -104.08339857228249,
        5.098154683542832,
        46.52546563867201
      ],
      "right": [
        -5.466376677917944,
        42.18694805063657,
        125.37729934504145
      ],
      "obtuse": [
        -14.76689523575709,
        173.9818694472298,
        179.4122776723125
      ]
    }
  },

//   {
//     "distances":
//     {
//         "close": [0.0, 250.0, 500.0],
//         "near":  [250.0, 500.0, 750.0],
//         "far":   [500.0, 750.0, 1000.0]
//     },
//     "angle":
//     {
//         "acute":[0.0, 0.0, 90.0],
//         "right":[0.0, 90.0, 180.0],
//         "obtuse": [90.0, 180.0, 180.0]
//     }
//   }