{
  "distances": {
    "close": [
      -52.182865857443375,
      52.14931761661687,
      294.9024603238795
    ],
    "near": [
      250.0,
      500.38652895813124,
      750.0
    ],
    "far": [
      500.5613919136405,
      604.3191968522711,
      1000.9795578582228
    ]
  },
  "angle": {
    "acute": [
      -2.2865974523914776,
      -2.017627146506094,
      91.54442810010872
    ],
    "right": [
      -1.722982947526794,
      90.76239054970833,
      176.56528187036017
    ],
    "obtuse": [
      86.85801506481008,
      128.9495925346925,
      311.32183718075817
    ]
  }
}